date,code,open,high,low,close,preclose,volume,amount,turn,tradestatus,pctChg
2022-01-04,sz.002475,50.2,51.32,48.82,51.0,49.2,88469975,4442153957.89,1.2522,1,3.6585
2022-01-05,sz.002475,50.1,50.45,46.66,48.21,51.0,101360115,4861484265.62,1.4346,1,-5.4706
2022-01-06,sz.002475,47.0,48.48,46.6,46.85,48.21,67872217,3208550065.31,0.9607,1,-2.821
2022-01-07,sz.002475,47.0,48.25,45.72,46.61,46.85,56094463,2618795348.4,0.794,1,-0.5123
2022-01-10,sz.002475,46.0,49.88,45.48,48.6,46.61,72721548,3506114786.16,1.0293,1,4.2695
2022-01-11,sz.002475,49.3,49.3,46.52,46.77,48.6,55048944,2602080556.56,0.7792,1,-3.7654
2022-01-12,sz.002475,47.25,48.94,46.9,47.33,46.77,52355839,2498239120.06,0.741,1,1.1973
2022-01-13,sz.002475,47.8,47.8,45.15,45.36,47.33,46583182,2139747177.76,0.6593,1,-4.1623
2022-01-14,sz.002475,44.8,46.79,44.51,46.3,45.36,48852821,2242659738.79,0.6915,1,2.0723
2022-01-17,sz.002475,45.99,48.25,45.88,46.9,46.3,47309831,2225462422.29,0.6696,1,1.2959
2022-01-18,sz.002475,46.57,48.85,46.53,47.93,46.9,51613938,2474772305.56,0.7305,1,2.1962
2022-01-19,sz.002475,47.3,48.49,46.95,47.46,47.93,34132406,1622243415.81,0.4831,1,-0.9806
2022-01-20,sz.002475,47.1,49.42,46.78,48.99,47.46,67456869,3286982441.51,0.9548,1,3.2238
2022-01-21,sz.002475,48.48,49.34,46.96,47.19,48.99,52596401,2516425648.83,0.7444,1,-3.6742
2022-01-24,sz.002475,46.85,50.18,46.7,49.29,47.19,74583662,3657342613.94,1.0557,1,4.4501
2022-01-25,sz.002475,49.25,50.59,48.3,48.39,49.29,44862999,2198796970.47,0.635,1,-1.8259
2022-01-26,sz.002475,48.36,49.15,46.92,47.99,48.39,45220882,2170292892.91,0.6401,1,-0.8266
2022-01-27,sz.002475,47.8,48.4,46.15,46.29,47.99,53446321,2522121871.68,0.7565,1,-3.5424
2022-01-28,sz.002475,46.94,48.2,45.66,46.66,46.29,54735697,2577842342.12,0.7747,1,0.7993
2022-02-07,sz.002475,47.4,47.49,44.66,46.5,46.66,53584302,2470849044.85,0.7584,1,-0.3429
2022-02-08,sz.002475,46.19,46.4,41.85,43.25,46.5,114974276,4935569919.92,1.6273,1,-6.9892
2022-02-09,sz.002475,43.2,44.24,42.56,43.83,43.25,57974930,2524768244.96,0.8206,1,1.341
2022-02-10,sz.002475,43.8,45.2,43.44,43.71,43.83,42486103,1877566991.35,0.6013,1,-0.2738
2022-02-11,sz.002475,43.37,43.37,40.91,41.05,43.71,82735383,3458274314.43,1.171,1,-6.0856
2022-02-14,sz.002475,41.82,43.7,41.4,41.9,41.05,87745290,3730040282.8,1.2419,1,2.0706
2022-02-15,sz.002475,41.92,45.39,41.88,45.37,41.9,86057292,3824428328.63,1.218,1,8.2816
2022-02-16,sz.002475,45.6,45.8,43.9,44.06,45.37,57223952,2546173773.18,0.8099,1,-2.8874
2022-02-17,sz.002475,43.95,44.65,43.21,44.29,44.06,42253374,1863177678.51,0.5981,1,0.522
2022-02-18,sz.002475,43.88,44.08,43.1,43.55,44.29,28820721,1251922849.12,0.4079,1,-1.6708
2022-02-21,sz.002475,43.16,43.45,42.5,42.91,43.55,34781997,1490337740.66,0.4923,1,-1.4696
2022-02-22,sz.002475,41.2,41.74,39.52,41.61,42.91,90350265,3687237907.07,1.2788,1,-3.0296
2022-02-23,sz.002475,41.78,43.33,41.78,43.0,41.61,48217961,2062516634.3,0.6825,1,3.3405
2022-02-24,sz.002475,43.12,43.59,41.9,42.61,43.0,43080191,1841649774.66,0.6092,1,-0.907
2022-02-25,sz.002475,43.0,44.3,43.0,43.27,42.61,42993502,1877171124.87,0.6079,1,1.5489
2022-02-28,sz.002475,42.94,43.92,42.72,43.43,43.27,30323756,1309472912.0,0.4288,1,0.3698
2022-03-01,sz.002475,42.93,43.45,42.13,43.0,43.43,33649679,1438814672.0,0.4758,1,-0.9901
2022-03-02,sz.002475,42.78,42.86,40.5,40.89,43.0,68014090,2793589648.0,0.9618,1,-4.907
2022-03-03,sz.002475,41.05,41.15,38.52,39.03,40.89,85364301,3344824432.0,1.2071,1,-4.5488
2022-03-04,sz.002475,38.5,39.36,37.77,38.27,39.03,66822429,2562826000.0,0.9449,1,-1.9472
2022-03-07,sz.002475,37.3,37.46,35.88,36.16,38.27,78286718,2865992720.0,1.107,1,-5.5135
2022-03-08,sz.002475,36.35,37.8,35.53,36.92,36.16,88541432,3255845584.0,1.252,1,2.1018
2022-03-09,sz.002475,36.96,37.73,35.41,37.45,36.92,72920651,2695890864.0,1.0311,1,1.4355
2022-03-10,sz.002475,38.48,38.9,37.12,37.16,37.45,76795479,2905309280.0,1.0859,1,-0.7744
2022-03-11,sz.002475,36.17,36.35,34.5,35.8,37.16,108974158,3844937472.0,1.5409,1,-3.6598
2022-03-14,sz.002475,35.61,35.7,34.28,34.3,35.8,59446204,2074905712.0,0.8406,1,-4.1899
2022-03-15,sz.002475,34.31,35.1,33.1,33.7,34.3,85118500,2903290720.0,1.2036,1,-1.7493
2022-03-16,sz.002475,34.46,34.6,31.78,34.12,33.7,131899185,4392113664.0,1.8651,1,1.2463
2022-03-17,sz.002475,35.0,35.5,34.15,34.7,34.12,94583223,3299889664.0,1.3375,1,1.6999
2022-03-18,sz.002475,34.47,35.69,34.21,34.9,34.7,56519780,1977068691.0,0.7992,1,0.5764
2022-03-21,sz.002475,36.21,36.28,34.81,35.09,34.9,59739714,2119151318.44,0.8447,1,0.5444
2022-03-22,sz.002475,35.09,35.5,34.72,34.92,35.09,37436764,1312526311.0,0.5294,1,-0.4845
2022-03-23,sz.002475,35.09,35.37,34.43,35.19,34.92,39265144,1374670445.31,0.5552,1,0.7732
2022-03-24,sz.002475,34.81,34.95,34.3,34.39,35.19,37944335,1307474917.1,0.5366,1,-2.2734
2022-03-25,sz.002475,34.7,34.8,33.52,33.59,34.39,42832443,1457460646.7,0.6057,1,-2.3263
2022-03-28,sz.002475,33.05,33.66,32.61,32.75,33.59,45514581,1499204856.45,0.6436,1,-2.5007
2022-03-29,sz.002475,33.15,33.19,30.45,30.75,32.75,122681267,3842475559.4,1.7348,1,-6.1069
2022-03-30,sz.002475,31.06,32.5,31.06,32.42,30.75,82859610,2659781699.9,1.1717,1,5.4309
2022-03-31,sz.002475,32.45,32.52,31.53,31.7,32.42,48420677,1540344143.86,0.6847,1,-2.2209
2022-04-01,sz.002475,31.69,31.78,31.11,31.3,31.7,49113606,1541628764.81,0.6945,1,-1.2618
2022-04-06,sz.002475,31.34,31.38,29.92,30.22,31.3,75353395,2290681439.53,1.0645,1,-3.4505
2022-04-07,sz.002475,30.1,30.62,29.92,30.08,30.22,47429327,1435411372.23,0.67,1,-0.4633
2022-04-08,sz.002475,30.33,30.38,29.1,29.34,30.08,61176166,1797615541.64,0.8642,1,-2.4601
2022-04-11,sz.002475,29.28,29.42,27.8,27.85,29.34,73595734,2071080414.69,1.0397,1,-5.0784
2022-04-12,sz.002475,28.41,28.93,27.85,28.88,27.85,68562843,1947835081.45,0.9686,1,3.6984
2022-04-13,sz.002475,28.67,28.76,28.02,28.23,28.88,38658384,1097877441.58,0.5461,1,-2.2507
2022-04-14,sz.002475,28.64,28.99,28.17,28.7,28.23,48046839,1373653664.66,0.6787,1,1.6649
2022-04-15,sz.002475,28.3,29.48,28.18,29.22,28.7,51660581,1501485725.13,0.7298,1,1.8118
2022-04-18,sz.002475,29.12,30.25,28.8,30.06,29.22,51102670,1524068242.94,0.7219,1,2.8747
2022-04-19,sz.002475,29.9,29.9,28.82,29.05,30.06,57844237,1690636639.47,0.8171,1,-3.3599
2022-04-20,sz.002475,29.1,29.33,28.61,28.7,29.05,37559514,1089481147.13,0.5306,1,-1.2048
2022-04-21,sz.002475,28.63,29.99,28.48,29.19,28.7,79413438,2346070088.78,1.1219,1,1.7073
2022-04-22,sz.002475,29.21,29.42,28.33,29.0,29.19,58916664,1704233352.01,0.8323,1,-0.6509
2022-04-25,sz.002475,28.47,28.5,26.58,26.83,29.0,70137849,1919939331.15,0.9908,1,-7.4828
2022-04-26,sz.002475,26.85,27.47,25.88,26.05,26.83,65118674,1729263290.39,0.9199,1,-2.9072
2022-04-27,sz.002475,25.82,27.8,25.61,27.74,26.05,74237171,2004841487.97,1.0487,1,6.4875
2022-04-28,sz.002475,28.88,29.7,27.93,29.39,27.74,93765923,2713866004.07,1.3246,1,5.9481
2022-04-29,sz.002475,29.42,31.19,28.92,30.88,29.39,95745143,2891651588.37,1.3526,1,5.0698
2022-05-05,sz.002475,31.5,31.5,29.78,29.85,30.88,64734656,1963377993.37,0.9145,1,-3.3355
2022-05-06,sz.002475,29.05,29.62,28.7,29.18,29.85,36287110,1055316568.63,0.5126,1,-2.2446
2022-05-09,sz.002475,28.92,29.09,28.05,28.29,29.18,48790499,1388524776.65,0.6892,1,-3.05
2022-05-10,sz.002475,27.76,29.19,27.2,29.0,28.29,60390332,1730364419.39,0.8531,1,2.5097
2022-05-11,sz.002475,29.36,31.9,29.36,30.61,29.0,112987548,3488354760.7,1.5961,1,5.5517
2022-05-12,sz.002475,30.3,30.79,29.9,30.34,30.61,53164142,1610081532.81,0.751,1,-0.8821
2022-05-13,sz.002475,30.5,30.66,29.75,30.23,30.34,38044089,1145754063.38,0.5374,1,-0.3626
2022-05-16,sz.002475,30.61,31.25,29.5,29.75,30.23,50491145,1520939998.41,0.7133,1,-1.5878
2022-05-17,sz.002475,29.8,30.56,29.6,30.48,29.75,48541331,1463437964.96,0.6857,1,2.4538
2022-05-18,sz.002475,30.5,30.76,29.9,30.33,30.48,41063693,1244772347.24,0.5801,1,-0.4921
2022-05-19,sz.002475,29.71,30.42,29.66,30.38,30.33,35394501,1065844653.55,0.5,1,0.1649
2022-05-20,sz.002475,30.98,31.3,30.18,30.99,30.38,63346122,1955812374.94,0.8949,1,2.0079
2022-05-23,sz.002475,30.85,31.13,29.97,30.35,30.99,51969850,1575978686.06,0.7342,1,-2.0652
2022-05-24,sz.002475,30.32,30.98,29.0,29.06,30.35,64974559,1942727600.57,0.9179,1,-4.2504
2022-05-25,sz.002475,29.06,29.49,28.74,29.27,29.06,39672102,1151994318.85,0.5604,1,0.7226
2022-05-26,sz.002475,29.27,31.55,28.53,30.6,29.27,100780817,3061831457.71,1.4237,1,4.5439
2022-05-27,sz.002475,31.37,31.65,30.77,31.06,30.6,70110014,2190509482.61,0.9904,1,1.5033
2022-05-30,sz.002475,31.14,31.39,30.5,31.0,31.06,37937063,1173305204.51,0.5359,1,-0.1932
2022-05-31,sz.002475,31.29,34.0,30.71,33.81,31.0,124083746,4082647526.06,1.7529,1,9.0645
2022-06-01,sz.002475,33.5,33.8,32.6,32.79,33.81,74697424,2466518204.78,1.0552,1,-3.0169
2022-06-02,sz.002475,32.58,33.68,32.44,33.5,32.79,65121764,2167676819.98,0.92,1,2.1653
2022-06-06,sz.002475,35.01,36.56,34.82,35.8,33.5,127915918,4562465539.1,1.807,1,6.8657
2022-06-07,sz.002475,35.16,36.0,34.61,34.94,35.8,73145832,2569737753.25,1.0333,1,-2.4022
2022-06-08,sz.002475,34.77,35.77,34.55,35.24,34.94,62229848,2189040315.74,0.8791,1,0.8586
2022-06-09,sz.002475,35.2,35.2,33.5,33.62,35.24,81704054,2779719088.85,1.1542,1,-4.597
2022-06-10,sz.002475,33.5,34.31,32.83,34.18,33.62,55468967,1874907812.59,0.7836,1,1.6657
2022-06-13,sz.002475,33.61,34.1,33.05,33.35,34.18,55100679,1836027363.14,0.7784,1,-2.4283
2022-06-14,sz.002475,33.2,33.2,31.89,33.05,33.35,67797378,2194200198.62,0.9578,1,-0.8996
2022-06-15,sz.002475,33.1,34.12,32.62,33.08,33.05,71598325,2384782664.6,1.0114,1,0.0908
2022-06-16,sz.002475,33.33,33.88,33.09,33.28,33.08,50361030,1686339137.8,0.7114,1,0.6046
2022-06-17,sz.002475,32.86,33.78,32.71,33.27,33.28,70259023,2339778471.34,0.9925,1,-0.03
2022-06-20,sz.002475,33.4,33.72,32.52,33.19,33.27,72604985,2401590693.55,1.0257,1,-0.2405
2022-06-21,sz.002475,33.31,34.48,33.16,33.88,33.19,80540653,2732917592.54,1.1378,1,2.0789
2022-06-22,sz.002475,33.89,34.04,31.21,32.13,33.88,142087226,4567269955.31,2.0072,1,-5.1653
2022-06-23,sz.002475,32.0,32.22,31.35,32.15,32.13,93692472,2980189725.55,1.3236,1,0.0622
2022-06-24,sz.002475,32.33,33.0,32.16,32.41,32.15,79755357,2592745212.71,1.1267,1,0.8087
2022-06-27,sz.002475,32.4,33.16,31.98,32.93,32.41,91985003,2996901378.86,1.2994,1,1.6044
2022-06-28,sz.002475,32.81,34.15,32.52,34.1,32.93,95919817,3190650575.05,1.355,1,3.553
2022-06-29,sz.002475,34.08,34.26,32.68,32.72,34.1,77786074,2596823694.57,1.0989,1,-4.0469
2022-06-30,sz.002475,32.6,34.09,32.59,33.79,32.72,70764791,2372040971.47,0.9997,1,3.2702
2022-07-01,sz.002475,33.91,34.97,33.71,34.11,33.79,77827149,2669508933.17,1.0994,1,0.947
2022-07-04,sz.002475,33.5,33.53,32.41,32.6,34.11,104700242,3429975793.8,1.4791,1,-4.4269
2022-07-05,sz.002475,32.49,32.49,30.8,31.11,32.6,157946233,4934890292.28,2.2326,1,-4.5706
2022-07-06,sz.002475,31.11,31.4,30.68,30.86,31.11,76728745,2377586998.11,1.0846,1,-0.8036
2022-07-07,sz.002475,30.8,32.73,29.9,32.36,30.86,135498586,4296353360.48,1.9153,1,4.8607
2022-07-08,sz.002475,32.5,35.08,32.5,34.64,32.36,188385268,6518988498.43,2.6628,1,7.0457
2022-07-11,sz.002475,34.47,34.58,33.3,33.61,34.64,78984766,2668239572.79,1.1164,1,-2.9734
2022-07-12,sz.002475,33.62,33.84,33.1,33.4,33.61,57696898,1930055908.05,0.8155,1,-0.6248
2022-07-13,sz.002475,33.18,33.68,32.29,32.57,33.29,59188923,1933452459.88,0.8366,1,-2.1628
2022-07-14,sz.002475,32.47,33.11,31.85,32.65,32.57,44688059,1459753629.85,0.6317,1,0.2456
2022-07-15,sz.002475,32.66,34.05,32.06,33.0,32.65,66692537,2222294331.24,0.9427,1,1.072
2022-07-18,sz.002475,33.02,33.35,31.5,32.5,33.0,74720045,2411136611.65,1.0562,1,-1.5152
2022-07-19,sz.002475,31.89,32.6,31.7,32.42,32.5,62051183,1990652161.42,0.8771,1,-0.2462
2022-07-20,sz.002475,32.63,33.12,31.81,31.96,32.42,58487142,1890094469.62,0.8267,1,-1.4189
2022-07-21,sz.002475,31.76,32.57,31.5,31.91,31.96,50939959,1636365038.48,0.72,1,-0.1564
2022-07-22,sz.002475,31.98,32.0,30.77,31.17,31.91,63174794,1973507410.44,0.893,1,-2.319
2022-07-25,sz.002475,31.17,31.3,30.7,30.8,31.17,30377596,936910388.1,0.4294,1,-1.187
2022-07-26,sz.002475,31.01,31.13,30.42,31.06,30.8,36664504,1131516152.99,0.5183,1,0.8442
2022-07-27,sz.002475,30.9,31.36,30.79,30.86,31.06,30749431,951186248.09,0.4346,1,-0.6439
2022-07-28,sz.002475,30.95,33.94,30.95,33.53,30.86,177689231,5869650977.06,2.5116,1,8.652
2022-07-29,sz.002475,33.41,34.57,33.08,33.95,33.53,114451438,3896869616.37,1.6178,1,1.2526
2022-08-01,sz.002475,33.96,36.43,33.2,35.95,33.95,136913820,4874906244.31,1.9353,1,5.891
2022-08-02,sz.002475,35.23,35.6,34.5,34.68,35.95,88481363,3095057421.88,1.2507,1,-3.5327
2022-08-03,sz.002475,34.69,35.38,33.4,33.67,34.68,70427436,2419355234.07,0.9955,1,-2.9123
2022-08-04,sz.002475,34.04,35.01,33.82,34.58,33.67,56950316,1961552787.51,0.805,1,2.7027
2022-08-05,sz.002475,34.56,35.15,33.96,34.72,34.58,61701916,2137491693.68,0.8722,1,0.4049
2022-08-08,sz.002475,34.54,36.3,34.54,35.51,34.72,76523411,2718643648.73,1.0817,1,2.2753
2022-08-09,sz.002475,35.0,35.67,34.83,35.38,35.51,48489372,1708301369.07,0.6854,1,-0.3661
2022-08-10,sz.002475,35.05,35.65,34.48,34.69,35.38,40757692,1425698243.8,0.5761,1,-1.9503
2022-08-11,sz.002475,35.48,38.16,35.22,38.16,34.69,148539249,5515564568.09,2.0996,1,10.0029
2022-08-12,sz.002475,37.7,38.28,36.9,36.96,38.16,90115535,3376003907.62,1.2738,1,-3.1447
2022-08-15,sz.002475,37.16,38.52,36.8,37.29,36.96,90229084,3409527897.2,1.2754,1,0.8929
2022-08-16,sz.002475,36.92,37.71,36.25,36.63,37.29,79539759,2921371062.68,1.1243,1,-1.7699
2022-08-17,sz.002475,36.86,39.1,36.04,38.42,36.63,103890793,3946662671.1,1.4685,1,4.8867
2022-08-18,sz.002475,38.1,38.9,37.74,38.23,38.42,63225938,2419328247.76,0.8937,1,-0.4945
2022-08-19,sz.002475,38.22,38.8,37.33,37.4,38.23,48664462,1841054677.72,0.6879,1,-2.1711
2022-08-22,sz.002475,37.2,39.95,36.95,38.38,37.4,94584029,3663496747.3,1.3369,1,2.6203
2022-08-23,sz.002475,38.38,38.87,37.8,38.37,38.38,58353611,2228988730.92,0.8248,1,-0.0261
2022-08-24,sz.002475,38.09,38.29,36.49,36.65,38.37,65139344,2414163596.04,0.9207,1,-4.4827
2022-08-25,sz.002475,37.06,38.0,36.59,37.7,36.65,61512423,2298835980.0,0.8695,1,2.8649
2022-08-26,sz.002475,39.88,40.2,38.48,38.7,37.7,147325632,5806570578.16,2.0824,1,2.6525
2022-08-29,sz.002475,38.05,39.61,37.82,38.63,38.7,64145277,2484184645.69,0.9067,1,-0.1809
2022-08-30,sz.002475,38.65,38.66,37.0,37.83,38.63,54698813,2063400821.02,0.7732,1,-2.0709
2022-08-31,sz.002475,37.5,38.08,36.9,37.52,37.83,53105207,1993519213.02,0.7506,1,-0.8195
2022-09-01,sz.002475,37.4,37.86,35.9,35.9,37.52,57200523,2088163637.84,0.8085,1,-4.3177
2022-09-02,sz.002475,36.19,38.55,35.94,37.9,35.9,65944856,2469619210.48,0.9321,1,5.571
2022-09-05,sz.002475,37.78,38.28,36.77,37.95,37.9,42898755,1619278129.3,0.6064,1,0.1319
2022-09-06,sz.002475,37.83,37.99,36.51,36.84,37.95,66566741,2458648205.24,0.9409,1,-2.9249
2022-09-07,sz.002475,36.76,36.97,36.1,36.33,36.84,75199565,2738722217.69,1.0629,1,-1.3844
2022-09-08,sz.002475,36.6,37.09,35.76,36.28,36.33,55071976,1996457722.99,0.7784,1,-0.1376
2022-09-09,sz.002475,36.18,36.5,35.29,36.24,36.28,44446820,1602313086.42,0.6283,1,-0.1103
2022-09-13,sz.002475,37.1,38.2,36.71,36.77,36.24,75475252,2823968551.4,1.0668,1,1.4625
2022-09-14,sz.002475,35.95,36.18,35.4,35.46,36.77,52227633,1865408122.0,0.7382,1,-3.5627
2022-09-15,sz.002475,35.5,35.65,34.28,34.91,35.46,45801468,1595518058.02,0.6474,1,-1.551
2022-09-16,sz.002475,34.5,35.12,34.01,34.18,34.91,43067331,1484574138.38,0.6088,1,-2.0911
2022-09-19,sz.002475,33.8,33.99,32.68,33.82,34.18,69658082,2327419859.12,0.9846,1,-1.0532
2022-09-20,sz.002475,34.2,34.42,32.5,33.5,33.82,55169703,1835410237.49,0.7798,1,-0.9462
2022-09-21,sz.002475,33.17,33.62,32.5,32.8,33.5,60170926,1976826229.38,0.8505,1,-2.0896
2022-09-22,sz.002475,32.43,32.79,32.03,32.17,32.8,53083132,1714009100.48,0.7503,1,-1.9207
2022-09-23,sz.002475,32.24,32.66,31.53,31.89,32.17,45858593,1467247943.58,0.6482,1,-0.8704
2022-09-26,sz.002475,31.55,32.38,31.5,31.68,31.89,39616975,1260423624.99,0.56,1,-0.6585
2022-09-27,sz.002475,31.68,31.92,31.09,31.9,31.68,50085008,1583383149.12,0.7079,1,0.6944
2022-09-28,sz.002475,31.5,31.64,30.52,30.56,31.9,58867709,1819122284.84,0.8321,1,-4.2006
2022-09-29,sz.002475,31.1,31.13,30.05,30.31,30.56,49153096,1494639157.23,0.6948,1,-0.8181
2022-09-30,sz.002475,29.9,30.22,29.12,29.4,30.31,65709531,1942384189.57,0.9288,1,-3.0023
2022-10-10,sz.002475,29.4,29.5,27.95,28.0,29.4,61602451,1749510558.45,0.8707,1,-4.7619
2022-10-11,sz.002475,28.0,28.2,27.4,27.75,28.0,49226740,1367309413.14,0.6946,1,-0.8929
2022-10-12,sz.002475,27.8,28.64,27.5,28.62,27.75,57522675,1612529134.43,0.8116,1,3.1351
2022-10-13,sz.002475,28.37,29.08,28.24,28.53,28.62,61441562,1760857989.95,0.8669,1,-0.3145
2022-10-14,sz.002475,28.9,29.84,28.63,29.59,28.53,68446783,2003397505.27,0.9657,1,3.7154
2022-10-17,sz.002475,29.12,30.62,29.06,30.5,29.59,50453255,1515650079.64,0.7119,1,3.0754
2022-10-18,sz.002475,30.8,31.13,29.73,29.77,30.5,47714893,1434073991.16,0.6732,1,-2.3934
2022-10-19,sz.002475,29.47,29.81,29.0,29.19,29.77,42417517,1244448153.96,0.5985,1,-1.9483
2022-10-20,sz.002475,29.16,29.67,28.48,29.1,29.19,52601289,1532639782.48,0.7422,1,-0.3083
2022-10-21,sz.002475,29.1,29.17,28.25,28.39,29.1,50161434,1431398354.67,0.7077,1,-2.4399
2022-10-24,sz.002475,28.39,28.95,27.21,27.6,28.39,67021419,1874898712.3,0.9456,1,-2.7827
2022-10-25,sz.002475,28.0,28.15,27.41,27.58,27.6,48842707,1356437528.2,0.6891,1,-0.0725
2022-10-26,sz.002475,27.7,28.45,27.32,28.0,27.58,48911708,1368930134.24,0.6901,1,1.5228
2022-10-27,sz.002475,28.02,28.5,27.75,27.91,28.0,44697443,1254918399.36,0.6307,1,-0.3214
2022-10-28,sz.002475,27.41,27.79,26.49,26.63,27.91,63754276,1719442708.09,0.8995,1,-4.5862
2022-10-31,sz.002475,28.16,29.28,27.75,28.5,26.63,129880394,3710962841.49,1.8325,1,7.0222
2022-11-01,sz.002475,28.55,29.56,28.09,29.48,28.5,96311830,2783123220.02,1.3589,1,3.4386
2022-11-02,sz.002475,30.48,31.1,30.2,30.5,29.48,103697227,3187421885.09,1.4631,1,3.46
2022-11-03,sz.002475,29.94,30.95,29.8,30.5,30.5,69816348,2131449138.8,0.9851,1,0.0
2022-11-04,sz.002475,30.6,32.25,30.5,31.78,30.5,74941156,2371825936.68,1.0574,1,4.1967
2022-11-07,sz.002475,33.01,33.12,31.9,32.39,31.78,68645218,2229004950.91,0.9685,1,1.9194
2022-11-08,sz.002475,32.22,32.77,31.6,32.01,32.39,59010832,1889355490.77,0.8326,1,-1.1732
2022-11-09,sz.002475,33.49,33.49,31.8,32.08,32.01,110196761,3575789000.98,1.5548,1,0.2187
2022-11-10,sz.002475,31.5,31.5,29.57,30.43,32.08,133679262,4056213730.75,1.8861,1,-5.1434
2022-11-11,sz.002475,31.5,31.79,31.12,31.43,30.43,86743711,2732133840.06,1.2239,1,3.2862
2022-11-14,sz.002475,31.71,32.4,31.57,31.74,31.43,62898930,2011954076.32,0.8875,1,0.9863
2022-11-15,sz.002475,31.6,34.45,31.5,34.17,31.74,113933572,3799950720.82,1.6075,1,7.656
2022-11-16,sz.002475,34.0,34.06,33.18,33.58,34.17,60350548,2026582003.33,0.8515,1,-1.7267
2022-11-17,sz.002475,33.5,33.5,32.32,33.25,33.58,48946098,1607918062.47,0.6906,1,-0.9827
2022-11-18,sz.002475,33.39,33.39,32.5,32.62,33.25,59086603,1937120935.7,0.8337,1,-1.8947
2022-11-21,sz.002475,32.22,32.78,31.85,32.67,32.62,38812454,1255301986.97,0.5476,1,0.1533
2022-11-22,sz.002475,32.54,33.05,32.21,32.57,32.67,31896135,1039771315.73,0.45,1,-0.3061
2022-11-23,sz.002475,32.32,32.64,31.72,32.13,32.57,33219508,1066316626.83,0.4687,1,-1.3509
2022-11-24,sz.002475,32.45,32.8,31.52,31.67,32.13,36096492,1149834819.38,0.5093,1,-1.4317
2022-11-25,sz.002475,31.67,32.35,31.39,31.39,31.67,45177881,1435658559.51,0.6374,1,-0.8841
2022-11-28,sz.002475,30.2,31.08,30.0,30.73,31.39,42832244,1312826509.87,0.6043,1,-2.1026
2022-11-29,sz.002475,30.97,31.42,30.7,31.35,30.73,44090518,1370488446.41,0.6221,1,2.0176
2022-11-30,sz.002475,31.02,31.34,30.52,30.91,31.35,55943047,1724251621.54,0.7893,1,-1.4035
2022-12-01,sz.002475,31.5,32.09,30.88,31.05,30.91,65869228,2069793393.43,0.9294,1,0.4529
2022-12-02,sz.002475,31.05,31.2,30.61,30.65,31.05,42040801,1297346980.57,0.5932,1,-1.2882
2022-12-05,sz.002475,30.37,30.79,29.8,30.16,30.65,99715413,3001313390.1,1.4069,1,-1.5987
2022-12-06,sz.002475,30.14,32.14,29.96,31.62,30.16,110264370,3452048168.11,1.5555,1,4.8408
2022-12-07,sz.002475,31.63,32.5,31.5,32.05,31.62,61526982,1967178080.63,0.868,1,1.3599
2022-12-08,sz.002475,32.05,32.25,31.51,31.64,32.05,36924273,1171918943.84,0.5209,1,-1.2793
2022-12-09,sz.002475,31.67,32.0,31.31,31.95,31.64,36996133,1174150869.43,0.5219,1,0.9798
2022-12-12,sz.002475,31.67,33.06,31.41,32.8,31.95,68819866,2244024919.76,0.9708,1,2.6604
2022-12-13,sz.002475,32.6,32.72,31.7,31.76,32.8,39436560,1266540122.59,0.5563,1,-3.1707
2022-12-14,sz.002475,31.95,32.15,31.5,31.53,31.76,31802778,1011549609.27,0.4486,1,-0.7242
2022-12-15,sz.002475,31.54,32.6,31.48,31.77,31.53,32051398,1025556052.74,0.4521,1,0.7612
2022-12-16,sz.002475,31.52,31.76,30.93,31.71,31.77,33392146,1048378240.8,0.4711,1,-0.1889
2022-12-19,sz.002475,31.49,31.98,30.85,30.92,31.71,28606154,894886582.8,0.4035,1,-2.4913
2022-12-20,sz.002475,30.88,31.25,30.29,30.41,30.92,44641352,1366409056.98,0.6298,1,-1.6494
2022-12-21,sz.002475,30.52,31.11,30.4,30.52,30.41,27390596,840815704.31,0.3864,1,0.3617
2022-12-22,sz.002475,30.82,32.1,30.41,31.62,30.52,63817442,2016941921.13,0.9003,1,3.6042
2022-12-23,sz.002475,31.4,31.83,31.12,31.46,31.62,23879119,751981308.11,0.3369,1,-0.506
2022-12-26,sz.002475,31.46,32.79,31.41,31.89,31.46,36959037,1189507443.99,0.5214,1,1.3668
2022-12-27,sz.002475,32.21,32.5,31.62,32.3,31.89,30802835,987985887.21,0.4345,1,1.2857
2022-12-28,sz.002475,32.06,32.55,31.84,31.86,32.3,31994579,1025738616.06,0.4513,1,-1.3622
2022-12-29,sz.002475,31.7,32.5,31.61,32.07,31.86,34099624,1096063901.17,0.481,1,0.6591
2022-12-30,sz.002475,32.32,32.43,31.72,31.75,32.07,29132127,930866794.91,0.411,1,-0.9978
2023-01-03,sz.002475,31.63,32.12,30.96,31.52,31.75,42583625,1343981752.12,0.6007,1,-0.7244
2023-01-04,sz.002475,31.2,31.22,28.37,28.37,31.52,182030574,5267043589.41,2.5623,1,-9.9937
2023-01-05,sz.002475,29.06,29.42,28.37,29.4,28.37,147581393,4280210207.26,2.0774,1,3.6306
2023-01-06,sz.002475,28.75,29.19,28.37,28.85,29.4,91100438,2621224435.66,1.2823,1,-1.8707
2023-01-09,sz.002475,28.83,29.28,28.83,29.09,28.85,57421456,1669552658.05,0.8083,1,0.8319
2023-01-10,sz.002475,29.15,29.91,28.71,29.65,29.09,61175602,1797812205.79,0.8611,1,1.9251
2023-01-11,sz.002475,29.66,30.1,29.36,29.36,29.65,39790521,1177362625.45,0.5601,1,-0.9781
2023-01-12,sz.002475,29.49,29.71,29.13,29.46,29.36,29387862,863995293.72,0.4137,1,0.3406
2023-01-13,sz.002475,29.43,29.58,28.94,29.24,29.46,36166631,1055345418.38,0.5091,1,-0.7468
2023-01-16,sz.002475,29.06,30.18,29.03,29.78,29.24,70538556,2097452009.61,0.9929,1,1.8468
2023-01-17,sz.002475,29.79,31.3,29.67,31.04,29.78,75035306,2320152767.99,1.0562,1,4.231
2023-01-18,sz.002475,30.99,31.16,30.72,30.8,31.04,33701760,1041884365.95,0.4744,1,-0.7732
2023-01-19,sz.002475,30.8,31.09,30.52,31.0,30.8,28039415,865731785.15,0.3947,1,0.6494
2023-01-20,sz.002475,31.07,31.43,30.9,31.09,31.0,30586823,951760938.88,0.4305,1,0.2903
2023-01-30,sz.002475,32.03,33.29,31.9,32.64,31.09,96629607,3156136459.82,1.3602,1,4.9855
2023-01-31,sz.002475,32.66,32.98,32.21,32.48,32.64,35712673,1162534725.25,0.5027,1,-0.4902
2023-02-01,sz.002475,32.49,33.21,32.26,33.11,32.48,48989587,1605961375.34,0.6896,1,1.9397
2023-02-02,sz.002475,33.13,33.48,32.61,32.63,33.11,39514599,1298848209.99,0.5562,1,-1.4497
2023-02-03,sz.002475,32.51,33.07,31.89,32.78,32.63,48332291,1568488778.76,0.6803,1,0.4597
2023-02-06,sz.002475,32.28,32.56,31.65,31.92,32.78,56937923,1820977251.46,0.8015,1,-2.6236
2023-02-07,sz.002475,32.09,32.23,31.6,31.74,31.92,35235395,1120617697.82,0.496,1,-0.5639
2023-02-08,sz.002475,31.81,32.15,31.45,31.61,31.74,33620930,1064595804.87,0.4732,1,-0.4096
2023-02-09,sz.002475,31.48,32.48,31.43,32.44,31.61,44329759,1427874206.55,0.624,1,2.6258
2023-02-10,sz.002475,32.3,32.55,31.98,32.13,32.44,30056808,967718329.63,0.4231,1,-0.9556
2023-02-13,sz.002475,31.77,33.02,31.73,32.96,32.13,55097698,1799988142.15,0.7756,1,2.5833
2023-02-14,sz.002475,32.96,33.1,32.69,32.98,32.96,32635530,1073433695.95,0.4594,1,0.0607
2023-02-15,sz.002475,33.03,33.6,32.88,33.23,32.98,35209202,1169086275.32,0.4956,1,0.758
2023-02-16,sz.002475,33.21,34.0,32.77,33.03,33.23,56823264,1902036708.1,0.7998,1,-0.6019
2023-02-17,sz.002475,33.03,33.38,31.68,31.75,33.03,46261068,1496019421.36,0.6512,1,-3.8753
2023-02-20,sz.002475,31.6,31.75,30.33,31.3,31.75,72295634,2243960416.89,1.0176,1,-1.4173
2023-02-21,sz.002475,31.27,31.8,31.14,31.46,31.3,34513345,1083399604.46,0.4858,1,0.5112
2023-02-22,sz.002475,31.11,31.2,30.36,30.76,31.46,50228304,1541871538.73,0.7063,1,-2.225
2023-02-23,sz.002475,30.78,32.3,30.68,31.71,30.76,72418403,2291784242.9,1.0184,1,3.0884
2023-02-24,sz.002475,31.78,31.78,30.85,31.0,31.71,43673896,1359347215.65,0.6142,1,-2.239
2023-02-27,sz.002475,30.99,31.16,29.8,30.0,31.0,78645155,2371225006.29,1.106,1,-3.2258
2023-02-28,sz.002475,29.98,30.5,29.75,29.94,30.0,45971647,1380752212.83,0.6465,1,-0.2
2023-03-01,sz.002475,30.02,30.93,29.95,30.9,29.94,61036588,1868432208.41,0.8583,1,3.2064
2023-03-02,sz.002475,30.8,30.95,30.46,30.51,30.9,31817692,974643529.02,0.4474,1,-1.2621
2023-03-03,sz.002475,30.65,30.78,30.0,30.25,30.51,38698398,1169336592.2,0.5442,1,-0.8522
2023-03-06,sz.002475,30.25,30.32,29.8,30.01,30.25,35000307,1049562871.45,0.4922,1,-0.7934
2023-03-07,sz.002475,29.92,29.97,29.2,29.33,30.01,40845941,1207538295.14,0.5744,1,-2.2659
2023-03-08,sz.002475,29.11,29.25,28.95,29.13,29.33,34728239,1010086199.86,0.4884,1,-0.6819
2023-03-09,sz.002475,29.2,29.42,28.93,29.28,29.13,30362550,887301114.47,0.427,1,0.5149
2023-03-10,sz.002475,29.0,29.2,28.75,28.8,29.28,34635287,1000956367.85,0.4871,1,-1.6393
2023-03-13,sz.002475,28.68,28.93,28.43,28.8,28.8,34155660,979840338.28,0.4803,1,0.0
2023-03-14,sz.002475,28.8,28.84,27.8,28.33,28.8,56423009,1591612181.62,0.7935,1,-1.6319
2023-03-15,sz.002475,28.5,29.28,28.43,28.74,28.33,46008327,1328237466.49,0.647,1,1.4472
2023-03-16,sz.002475,28.45,28.65,27.68,27.72,28.74,52927147,1482057452.14,0.7443,1,-3.5491
2023-03-17,sz.002475,28.01,28.32,27.5,27.59,27.72,44719431,1246831834.72,0.6289,1,-0.469
2023-03-20,sz.002475,27.6,28.29,27.2,27.9,27.59,65925939,1837050925.45,0.9271,1,1.1236
2023-03-21,sz.002475,28.0,28.24,27.71,28.24,27.9,36474283,1023531145.67,0.5129,1,1.2186
2023-03-22,sz.002475,28.25,28.96,28.11,28.86,28.24,49779626,1429756583.74,0.7,1,2.1955
2023-03-23,sz.002475,28.8,29.85,28.65,29.33,28.86,77009087,2264227048.93,1.083,1,1.6286
2023-03-24,sz.002475,29.88,31.51,29.83,31.3,29.33,178939932,5549377089.12,2.5164,1,6.7167
2023-03-27,sz.002475,31.3,31.9,30.5,31.0,31.3,102554393,3196310534.19,1.4422,1,-0.9585
2023-03-28,sz.002475,30.89,30.98,29.63,29.77,31.0,81846188,2467551589.88,1.151,1,-3.9677
2023-03-29,sz.002475,30.16,30.65,30.0,30.2,29.77,52126517,1579515101.97,0.733,1,1.4444
2023-03-30,sz.002475,30.74,30.99,29.85,30.45,30.2,48236586,1463980198.99,0.6783,1,0.8278
2023-03-31,sz.002475,30.0,30.54,29.8,30.31,30.45,41466970,1255259237.58,0.5831,1,-0.4598
2023-04-03,sz.002475,30.31,30.72,30.19,30.58,30.31,51652955,1573829487.9,0.7264,1,0.8908
2023-04-04,sz.002475,30.6,31.07,30.45,30.77,30.58,66931935,2057747172.31,0.9403,1,0.6213
2023-04-06,sz.002475,30.4,31.95,30.27,31.3,30.77,83632969,2603834023.23,1.1749,1,1.7225
2023-04-07,sz.002475,31.13,31.65,30.9,31.1,31.3,46884107,1461850645.35,0.6586,1,-0.639
2023-04-10,sz.002475,31.1,31.96,30.51,30.73,31.1,62084313,1939299568.19,0.8722,1,-1.1897
2023-04-11,sz.002475,30.21,30.85,30.08,30.46,30.73,43822431,1334579505.0,0.6156,1,-0.8786
2023-04-12,sz.002475,31.06,32.1,31.06,32.02,30.46,120619408,3838895426.35,1.6944,1,5.1215
2023-04-13,sz.002475,31.76,31.97,30.43,30.53,32.02,75410575,2338427016.19,1.0594,1,-4.6533
2023-04-14,sz.002475,30.61,30.75,30.17,30.57,30.53,41788319,1271956855.93,0.587,1,0.131
2023-04-17,sz.002475,30.4,30.4,29.48,29.69,30.57,72851507,2165731387.01,1.0234,1,-2.8786
2023-04-18,sz.002475,29.3,29.75,29.09,29.53,29.69,41243979,1213885093.92,0.5794,1,-0.5389
2023-04-19,sz.002475,29.5,29.57,28.72,28.87,29.53,55095752,1598894250.24,0.774,1,-2.235
2023-04-20,sz.002475,28.92,29.19,28.39,28.62,28.87,50549073,1449773835.05,0.7101,1,-0.866
2023-04-21,sz.002475,28.89,29.25,27.62,27.72,28.62,75759346,2130821182.61,1.0643,1,-3.1447
2023-04-24,sz.002475,27.72,27.84,26.83,27.0,27.72,82220066,2243541318.32,1.155,1,-2.5974
2023-04-25,sz.002475,26.9,27.05,25.76,26.02,27.0,82043574,2143373764.4,1.1525,1,-3.6296
2023-04-26,sz.002475,26.05,27.28,26.03,26.64,26.02,72671744,1928541083.84,1.0209,1,2.3828
2023-04-27,sz.002475,26.37,26.38,25.0,25.15,26.64,140127870,3557987821.46,1.9685,1,-5.5931
2023-04-28,sz.002475,26.2,26.74,25.78,26.1,25.15,107272065,2807247070.89,1.5069,1,3.7773
2023-05-04,sz.002475,26.05,26.07,25.49,25.62,26.1,58950401,1511944170.03,0.8281,1,-1.8391
2023-05-05,sz.002475,25.62,25.91,25.38,25.84,25.62,53480969,1372848061.57,0.7513,1,0.8587
2023-05-08,sz.002475,26.0,26.04,25.46,25.6,25.84,50652277,1299730136.73,0.7116,1,-0.9288
2023-05-09,sz.002475,25.61,26.88,25.27,26.39,25.6,97037768,2553638576.38,1.3632,1,3.0859
2023-05-10,sz.002475,26.15,26.65,25.9,26.6,26.39,65214842,1714785501.05,0.9161,1,0.7958
2023-05-11,sz.002475,26.6,26.97,26.38,26.53,26.6,48851384,1303248279.87,0.6863,1,-0.2632
2023-05-12,sz.002475,26.39,26.53,26.15,26.38,26.53,38044793,1002049048.13,0.5344,1,-0.5654
2023-05-15,sz.002475,26.42,26.85,26.15,26.8,26.38,53980041,1433526688.55,0.7583,1,1.5921
2023-05-16,sz.002475,27.38,27.5,26.66,26.86,26.8,64127707,1732748689.96,0.9009,1,0.2239
2023-05-17,sz.002475,26.99,27.8,26.88,27.67,26.86,83929067,2306203165.75,1.179,1,3.0156
2023-05-18,sz.002475,27.66,28.14,27.41,27.5,27.67,68120744,1887691293.41,0.957,1,-0.6144
2023-05-19,sz.002475,28.3,28.53,27.78,28.12,27.5,96738168,2726628895.89,1.359,1,2.2545
2023-05-22,sz.002475,28.1,28.43,27.64,27.85,28.12,50307828,1405825422.35,0.7067,1,-0.9602
2023-05-23,sz.002475,27.78,28.12,27.53,27.66,27.85,37006559,1029441730.0,0.5199,1,-0.6822
2023-05-24,sz.002475,27.44,28.18,27.32,27.84,27.66,44226302,1228687279.08,0.6213,1,0.6508
2023-05-25,sz.002475,27.74,27.96,27.4,27.68,27.84,33423023,923412146.27,0.4695,1,-0.5747
2023-05-26,sz.002475,27.63,27.67,27.07,27.45,27.68,34547899,945119936.62,0.4853,1,-0.8309
2023-05-29,sz.002475,27.6,27.79,27.2,27.35,27.45,32551244,893284635.95,0.4573,1,-0.3643
2023-05-30,sz.002475,27.26,27.66,26.85,27.65,27.35,46957979,1279682124.84,0.6597,1,1.0969
2023-05-31,sz.002475,27.59,27.84,27.15,27.3,27.65,47560752,1304723226.06,0.6681,1,-1.2658
2023-06-01,sz.002475,27.31,28.88,27.27,28.5,27.3,120197793,3409847552.57,1.6885,1,4.3956
2023-06-02,sz.002475,28.99,29.22,28.38,28.79,28.5,94942253,2730744865.2,1.3337,1,1.0175
2023-06-05,sz.002475,28.78,28.8,28.21,28.35,28.79,56034452,1588795790.75,0.7872,1,-1.5283
2023-06-06,sz.002475,27.71,27.79,26.15,26.27,28.35,140328774,3739193182.63,1.9713,1,-7.3369
2023-06-07,sz.002475,26.35,27.75,26.35,27.16,26.27,108675864,2966631520.2,1.5267,1,3.3879
2023-06-08,sz.002475,27.18,27.57,26.78,27.41,27.16,57765789,1572717665.7,0.8115,1,0.9205
2023-06-09,sz.002475,27.29,27.48,26.54,27.18,27.41,59389481,1604610772.93,0.8341,1,-0.8391
2023-06-12,sz.002475,27.25,27.88,27.18,27.49,27.18,67019753,1851458730.95,0.9412,1,1.1405
2023-06-13,sz.002475,27.47,28.88,27.46,28.76,27.49,93738175,2648929590.33,1.3165,1,4.6199
2023-06-14,sz.002475,28.92,29.49,28.47,28.64,28.76,69816936,2016667835.6,0.9805,1,-0.4172
2023-06-15,sz.002475,28.65,28.76,28.03,28.4,28.51,48026379,1362376866.02,0.6745,1,-0.3858
2023-06-16,sz.002475,28.42,29.74,28.31,29.64,28.4,118649259,3473898200.76,1.6663,1,4.3662
2023-06-19,sz.002475,29.56,30.1,29.38,29.89,29.64,78032600,2320365209.33,1.0959,1,0.8435
2023-06-20,sz.002475,30.68,32.08,30.61,31.58,29.89,226956843,7154680435.04,3.1874,1,5.6541
2023-06-21,sz.002475,31.8,31.93,30.4,30.4,31.58,96394178,2995535999.25,1.3538,1,-3.7365
2023-06-26,sz.002475,30.0,31.2,29.67,30.35,30.4,84499610,2576616447.99,1.1868,1,-0.1645
2023-06-27,sz.002475,30.28,31.72,29.72,31.46,30.35,109838146,3406357381.71,1.5426,1,3.6573
2023-06-28,sz.002475,31.39,31.39,30.0,30.48,31.46,87905214,2680994866.79,1.2346,1,-3.1151
2023-06-29,sz.002475,30.21,32.9,30.21,32.41,30.48,144123872,4581219561.38,2.0242,1,6.332
2023-06-30,sz.002475,32.83,33.93,32.3,32.45,32.41,120342772,3948270607.91,1.6902,1,0.1234
2023-07-03,sz.002475,32.95,34.53,32.95,33.68,32.45,201650552,6819137229.51,2.8321,1,3.7904
2023-07-04,sz.002475,33.12,34.37,32.89,34.01,33.68,97004476,3288509283.67,1.3624,1,0.9798
2023-07-05,sz.002475,34.0,34.2,33.39,33.69,34.01,62726268,2118216765.67,0.881,1,-0.9409
2023-07-06,sz.002475,33.38,33.74,32.71,33.25,33.69,86829863,2878623770.07,1.2195,1,-1.306
2023-07-07,sz.002475,33.25,33.59,32.69,33.31,33.25,44579232,1478959731.31,0.6261,1,0.1805
2023-07-10,sz.002475,33.21,33.5,32.48,32.65,33.31,58155225,1907192526.11,0.8168,1,-1.9814
2023-07-11,sz.002475,32.81,33.47,32.7,33.24,32.65,48394601,1605051509.48,0.6797,1,1.807
2023-07-12,sz.002475,33.13,33.54,32.63,32.75,33.24,41870909,1383017985.17,0.5881,1,-1.4741
2023-07-13,sz.002475,32.95,34.69,32.91,34.42,32.75,89363886,3043283615.79,1.2551,1,5.0992
2023-07-14,sz.002475,34.35,34.83,34.0,34.17,34.42,53069973,1822575142.95,0.7453,1,-0.7263
2023-07-17,sz.002475,34.19,35.2,34.0,34.06,34.17,71549761,2476979933.26,1.0049,1,-0.3219
2023-07-18,sz.002475,34.4,35.32,33.93,34.34,34.06,71988594,2488542060.16,1.0111,1,0.8221
2023-07-19,sz.002475,33.9,34.4,33.23,33.56,34.34,63282889,2122759898.71,0.8888,1,-2.2714
2023-07-20,sz.002475,33.75,33.94,32.24,32.37,33.56,74544600,2441432082.65,1.047,1,-3.5459
2023-07-21,sz.002475,32.36,32.5,31.7,32.01,32.37,57125139,1829495915.09,0.8023,1,-1.1121
2023-07-24,sz.002475,31.85,32.64,31.57,32.03,32.01,35711005,1149487810.08,0.5015,1,0.0625
2023-07-25,sz.002475,32.65,32.9,31.92,32.06,32.03,54752377,1765608317.83,0.769,1,0.0937
2023-07-26,sz.002475,31.8,32.28,31.4,32.07,32.06,41985166,1339344924.07,0.5897,1,0.0312
2023-07-27,sz.002475,32.05,32.22,31.21,31.36,32.07,58780734,1851412560.32,0.8256,1,-2.2139
2023-07-28,sz.002475,31.32,32.04,31.15,31.82,31.36,50915697,1611712018.55,0.7151,1,1.4668
2023-07-31,sz.002475,31.65,32.8,31.65,32.32,31.82,68780458,2219041701.75,0.966,1,1.5713
2023-08-01,sz.002475,32.35,33.75,31.94,33.25,32.32,86763095,2869497196.33,1.2186,1,2.8775
2023-08-02,sz.002475,33.03,33.77,32.92,33.35,33.25,41519239,1386553978.45,0.5831,1,0.3008
2023-08-03,sz.002475,33.05,34.89,33.05,33.83,33.35,74095959,2526765257.06,1.0406,1,1.4393
2023-08-04,sz.002475,33.81,34.48,33.58,33.74,33.83,38377406,1299698434.47,0.539,1,-0.266
2023-08-07,sz.002475,33.37,34.38,32.93,34.13,33.74,49821142,1687684145.34,0.6997,1,1.1559
2023-08-08,sz.002475,34.07,35.58,34.06,34.82,34.13,75784522,2642767648.79,1.0644,1,2.0217
2023-08-09,sz.002475,34.6,34.72,33.8,34.18,34.82,37449532,1280822662.86,0.526,1,-1.838
2023-08-10,sz.002475,34.03,34.37,33.73,33.99,34.18,34524640,1171896099.84,0.4849,1,-0.5559
2023-08-11,sz.002475,34.25,34.3,33.0,33.1,33.99,49359786,1652252574.58,0.6932,1,-2.6184
2023-08-14,sz.002475,32.67,33.0,31.9,32.55,33.1,70165577,2270142220.44,0.9854,1,-1.6616
2023-08-15,sz.002475,33.0,33.35,32.1,32.5,32.55,42218508,1377674102.71,0.5929,1,-0.1536
2023-08-16,sz.002475,32.32,32.48,31.71,31.84,32.5,43318674,1382530716.1,0.6084,1,-2.0308
2023-08-17,sz.002475,31.69,31.97,31.25,31.86,31.84,43366150,1371932959.67,0.6091,1,0.0628
2023-08-18,sz.002475,31.84,31.88,31.0,31.01,31.86,43675057,1370024265.26,0.6134,1,-2.6679
2023-08-21,sz.002475,31.02,31.15,30.31,30.33,31.01,41548152,1271154507.57,0.5835,1,-2.1928
2023-08-22,sz.002475,30.6,32.1,30.22,31.71,30.33,58193694,1812296291.71,0.8173,1,4.55
2023-08-23,sz.002475,31.55,31.7,31.0,31.14,31.71,39744539,1244168011.95,0.5582,1,-1.7975
2023-08-24,sz.002475,31.46,32.06,31.21,31.45,31.14,52626514,1668216277.44,0.7391,1,0.9955
2023-08-25,sz.002475,31.11,31.45,30.63,31.0,31.45,31907835,989199898.99,0.4481,1,-1.4308
2023-08-28,sz.002475,33.59,33.59,31.78,32.06,31.0,62866013,2033021851.78,0.8829,1,3.4194
2023-08-29,sz.002475,31.83,32.98,31.66,32.39,32.06,76747838,2486578805.38,1.0779,1,1.0293
2023-08-30,sz.002475,32.7,33.6,32.7,32.9,32.39,61280304,2031951229.15,0.8607,1,1.5746
2023-08-31,sz.002475,32.9,33.1,32.5,33.0,32.9,39628290,1301641365.59,0.5566,1,0.304
2023-09-01,sz.002475,33.13,33.24,32.5,32.7,33.0,25219991,828312340.43,0.3542,1,-0.9091
2023-09-04,sz.002475,32.88,33.32,32.7,33.13,32.7,38897009,1284768349.84,0.5463,1,1.315
2023-09-05,sz.002475,33.04,33.1,31.12,31.32,33.13,91597522,2901934089.26,1.2865,1,-5.4633
2023-09-06,sz.002475,31.27,31.38,30.71,31.24,31.32,39771086,1237450810.16,0.5586,1,-0.2554
2023-09-07,sz.002475,30.7,30.7,28.8,29.94,31.24,125971813,3740235683.35,1.7692,1,-4.1613
2023-09-08,sz.002475,29.5,29.8,28.89,29.35,29.94,65188500,1902536215.62,0.9155,1,-1.9706
2023-09-11,sz.002475,29.17,30.1,28.5,29.85,29.35,77118443,2276264135.0,1.0831,1,1.7036
2023-09-12,sz.002475,29.78,30.35,29.57,30.25,29.85,50320540,1512891233.28,0.7067,1,1.34
2023-09-13,sz.002475,29.6,29.91,28.86,29.0,30.25,68996163,2015768247.45,0.969,1,-4.1322
2023-09-14,sz.002475,29.29,29.36,28.68,28.69,29.0,49421078,1429823582.28,0.6941,1,-1.069
2023-09-15,sz.002475,28.7,28.95,28.22,28.5,28.69,52678735,1500284750.23,0.7399,1,-0.6623
2023-09-18,sz.002475,28.31,29.81,28.25,29.25,28.5,62047778,1820066004.57,0.8714,1,2.6316
2023-09-19,sz.002475,29.25,29.55,29.02,29.25,29.25,31931203,933816177.62,0.4485,1,0.0
2023-09-20,sz.002475,29.24,29.51,29.1,29.21,29.25,23972755,703008140.14,0.3367,1,-0.1368
2023-09-21,sz.002475,29.01,29.29,28.81,28.9,29.21,26629785,771662330.39,0.374,1,-1.0613
2023-09-22,sz.002475,29.03,30.2,28.66,30.15,28.9,61965517,1846289252.99,0.8703,1,4.3253
2023-09-25,sz.002475,30.15,30.5,29.85,29.92,30.15,30974484,932896818.91,0.435,1,-0.7629
2023-09-26,sz.002475,29.93,30.18,29.6,29.69,29.92,28269672,842595285.18,0.397,1,-0.7687
2023-09-27,sz.002475,29.51,30.15,29.5,29.93,29.69,30031913,898080729.04,0.4218,1,0.8084
2023-09-28,sz.002475,30.14,30.25,29.64,29.82,29.93,29161102,869976883.49,0.4096,1,-0.3675
2023-10-09,sz.002475,29.78,31.58,29.3,31.21,29.82,65072303,1992239148.51,0.912,1,4.6613
2023-10-10,sz.002475,31.21,31.5,30.88,30.96,31.21,38217229,1188594521.73,0.5356,1,-0.801
2023-10-11,sz.002475,31.0,31.9,31.0,31.82,30.96,55629843,1759988778.52,0.7797,1,2.7778
2023-10-12,sz.002475,32.2,32.3,31.85,32.1,31.82,36150069,1158660262.81,0.5067,1,0.8799
2023-10-13,sz.002475,32.1,32.68,31.66,31.95,32.1,38753915,1243743785.02,0.5431,1,-0.4673
2023-10-16,sz.002475,31.97,32.03,31.19,31.82,31.95,38156831,1211127381.7,0.5348,1,-0.4069
2023-10-17,sz.002475,31.79,31.93,31.4,31.65,31.82,36870564,1165668021.65,0.5168,1,-0.5343
2023-10-18,sz.002475,31.92,32.0,31.1,31.7,31.65,28479927,900465024.38,0.3992,1,0.158
2023-10-19,sz.002475,31.44,31.81,30.93,31.01,31.7,42308154,1323251546.71,0.593,1,-2.1767
2023-10-20,sz.002475,30.79,31.35,30.54,30.71,31.01,26233866,809457494.62,0.3677,1,-0.9674
2023-10-23,sz.002475,31.9,32.22,30.2,31.62,30.71,72228776,2274398492.76,1.0123,1,2.9632
2023-10-24,sz.002475,32.16,32.22,30.49,31.34,31.62,64979522,2029341963.76,0.9107,1,-0.8855
2023-10-25,sz.002475,31.6,31.89,31.09,31.16,31.34,46601324,1461234603.81,0.6531,1,-0.5743
2023-10-26,sz.002475,31.16,31.3,30.52,31.22,31.16,39629322,1226116018.43,0.5554,1,0.1926
2023-10-27,sz.002475,31.1,32.22,30.8,32.0,31.22,55019264,1748141931.87,0.7711,1,2.4984
2023-10-30,sz.002475,32.0,34.43,31.92,33.78,32.0,106000719,3543995572.43,1.4856,1,5.5625
2023-10-31,sz.002475,33.78,33.92,32.58,32.77,33.78,65928196,2178889778.81,0.924,1,-2.9899
2023-11-01,sz.002475,32.76,32.88,32.05,32.24,32.77,46803522,1512923498.3,0.656,1,-1.6173
2023-11-02,sz.002475,32.37,32.43,31.5,31.52,32.24,46989612,1496646582.48,0.6586,1,-2.2333
2023-11-03,sz.002475,31.48,32.46,31.16,32.0,31.52,60830167,1946215476.54,0.8526,1,1.5228
2023-11-06,sz.002475,32.5,33.9,32.48,33.3,32.0,93073248,3091646818.25,1.3044,1,4.0625
2023-11-07,sz.002475,33.18,33.52,32.55,32.85,33.3,74514867,2444559439.94,1.0443,1,-1.3514
2023-11-08,sz.002475,32.77,32.88,32.31,32.6,32.85,62117582,2023443978.3,0.8706,1,-0.761
2023-11-09,sz.002475,32.48,32.59,31.78,31.92,32.6,61543504,1970399124.86,0.8625,1,-2.0859
2023-11-10,sz.002475,31.99,32.5,31.71,32.41,31.92,52254392,1681882972.8,0.7324,1,1.5351
2023-11-13,sz.002475,32.52,32.8,31.91,32.02,32.41,43383761,1392150901.6,0.608,1,-1.2033
2023-11-14,sz.002475,32.1,32.18,31.65,31.89,32.02,44106886,1405186275.26,0.6182,1,-0.406
2023-11-15,sz.002475,32.29,32.67,32.0,32.67,31.89,61930570,2005621269.57,0.868,1,2.4459
2023-11-16,sz.002475,32.48,32.73,32.24,32.31,32.67,46262168,1500274609.46,0.6484,1,-1.1019
2023-11-17,sz.002475,32.24,32.5,31.61,31.9,32.31,49733212,1586325469.13,0.697,1,-1.269
2023-11-20,sz.002475,31.89,31.9,31.0,31.15,31.9,75977953,2380148876.17,1.0649,1,-2.3511
2023-11-21,sz.002475,31.18,31.3,30.63,30.71,31.15,60225979,1864001620.16,0.8441,1,-1.4125
2023-11-22,sz.002475,30.72,30.77,30.03,30.18,30.71,58797886,1780282069.11,0.8241,1,-1.7258
2023-11-23,sz.002475,30.1,31.01,29.82,30.89,30.18,62393127,1903571957.6,0.8745,1,2.3526
2023-11-24,sz.002475,30.73,31.23,30.33,31.06,30.89,48993346,1510203704.76,0.6867,1,0.5503
2023-11-27,sz.002475,31.47,31.9,31.14,31.69,31.06,69871231,2205796250.24,0.9793,1,2.0283
2023-11-28,sz.002475,31.68,31.95,31.4,31.74,31.69,41855021,1326495104.87,0.5865,1,0.1578
2023-11-29,sz.002475,31.85,31.98,31.6,31.8,31.74,32668976,1039652636.74,0.4578,1,0.189
2023-11-30,sz.002475,31.65,31.93,31.3,31.83,31.8,33152484,1052938214.38,0.4646,1,0.0943
2023-12-01,sz.002475,31.66,31.82,31.13,31.36,31.83,37640594,1182195788.02,0.5275,1,-1.4766
2023-12-04,sz.002475,31.44,31.45,30.56,30.99,31.36,34765586,1077716756.43,0.4872,1,-1.1798
2023-12-05,sz.002475,30.75,30.99,30.37,30.4,30.99,35032780,1072489554.69,0.4909,1,-1.9038
2023-12-06,sz.002475,30.3,30.55,29.91,30.29,30.4,46601180,1406142086.53,0.6531,1,-0.3618
2023-12-07,sz.002475,30.1,30.23,29.7,29.91,30.29,41080860,1229911883.13,0.5757,1,-1.2545
2023-12-08,sz.002475,29.91,31.21,29.91,30.89,29.91,55884829,1716984751.54,0.7832,1,3.2765
2023-12-11,sz.002475,30.63,31.53,30.51,31.43,30.89,42496142,1316841300.98,0.5955,1,1.7481
2023-12-12,sz.002475,31.31,32.15,31.22,32.0,31.43,54764173,1747130711.63,0.7675,1,1.8136
2023-12-13,sz.002475,31.9,32.31,31.76,31.78,32.0,35884954,1149019049.51,0.5029,1,-0.6875
2023-12-14,sz.002475,32.0,32.13,31.41,31.49,31.78,32631672,1035244483.05,0.4573,1,-0.9125
2023-12-15,sz.002475,31.68,32.55,31.62,31.73,31.49,49878085,1596585133.85,0.699,1,0.7621
2023-12-18,sz.002475,31.73,32.22,31.59,31.95,31.73,43898025,1404492590.63,0.6152,1,0.6934
2023-12-19,sz.002475,32.0,32.76,31.18,32.5,31.95,50691406,1636253411.32,0.7104,1,1.7214
2023-12-20,sz.002475,32.5,33.05,32.33,32.67,32.5,54991879,1804514363.73,0.7706,1,0.5231
2023-12-21,sz.002475,32.5,32.82,32.14,32.58,32.67,43435458,1410450753.64,0.6087,1,-0.2755
2023-12-22,sz.002475,32.5,32.94,32.19,32.35,32.58,33180853,1078313738.7,0.465,1,-0.706
2023-12-25,sz.002475,32.25,32.85,32.19,32.79,32.35,27364752,894426793.3,0.3835,1,1.3601
2023-12-26,sz.002475,32.72,32.72,31.86,32.25,32.79,26943133,866548717.07,0.3776,1,-1.6468
2023-12-27,sz.002475,32.2,32.74,32.1,32.61,32.25,31640983,1028648309.78,0.4434,1,1.1163
2023-12-28,sz.002475,32.75,33.66,32.64,33.2,32.61,49446331,1645968950.85,0.6929,1,1.8093
2023-12-29,sz.002475,33.2,34.85,33.14,34.45,33.2,80296593,2760421409.34,1.1253,1,3.7651
2024-01-02,sz.002475,34.44,34.96,33.95,33.98,34.45,47135341,1615427567.9,0.6594,1,-1.3643
2024-01-03,sz.002475,33.69,33.93,32.41,32.67,33.98,77036854,2534226472.63,1.0777,1,-3.8552
2024-01-04,sz.002475,32.6,32.8,32.17,32.5,32.67,37764767,1223579710.97,0.5283,1,-0.5204
2024-01-05,sz.002475,32.8,33.33,32.2,32.5,32.5,38630291,1265820915.38,0.5404,1,0.0
2024-01-08,sz.002475,32.46,32.65,31.3,31.33,32.5,42717314,1352044404.56,0.5976,1,-3.6
2024-01-09,sz.002475,31.55,32.3,31.27,31.46,31.33,37069356,1174568317.7,0.5186,1,0.4149
2024-01-10,sz.002475,31.46,31.52,30.97,31.22,31.46,38505387,1200801470.43,0.5387,1,-0.7629
2024-01-11,sz.002475,31.0,31.46,30.63,31.3,31.22,52965789,1647592779.03,0.741,1,0.2562
2024-01-12,sz.002475,31.01,31.09,30.32,30.6,31.3,56166163,1719490145.79,0.7857,1,-2.2364
2024-01-15,sz.002475,30.35,30.9,30.03,30.68,30.6,37287390,1137104936.89,0.5216,1,0.2614
2024-01-16,sz.002475,30.4,30.6,29.93,30.29,30.68,47749127,1442796232.04,0.668,1,-1.2712
2024-01-17,sz.002475,30.2,30.2,28.4,28.4,30.29,98052204,2836256308.16,1.3717,1,-6.2397
2024-01-18,sz.002475,28.2,28.8,27.75,28.72,28.4,64972329,1828744329.39,0.9089,1,1.1268
2024-01-19,sz.002475,28.53,29.58,28.51,29.34,28.72,55332145,1620327537.31,0.7741,1,2.1588
2024-01-22,sz.002475,29.73,29.94,28.58,28.93,29.34,54209205,1589908870.15,0.7583,1,-1.3974
2024-01-23,sz.002475,28.92,29.48,28.56,29.27,28.93,55257836,1603952894.16,0.773,1,1.1753
2024-01-24,sz.002475,29.29,29.49,28.24,29.05,29.27,49589962,1422758883.17,0.6937,1,-0.7516
2024-01-25,sz.002475,29.0,29.29,28.61,29.13,29.05,51852423,1504726631.35,0.7254,1,0.2754
2024-01-26,sz.002475,29.0,29.06,27.6,27.82,29.13,91775202,2572233224.31,1.2839,1,-4.4971
2024-01-29,sz.002475,27.82,27.92,27.08,27.16,27.82,58346279,1596066872.11,0.8162,1,-2.3724
2024-01-30,sz.002475,27.02,27.3,26.45,26.52,27.16,41576574,1112621827.51,0.5816,1,-2.3564
2024-01-31,sz.002475,26.45,26.45,25.2,25.49,26.52,84855353,2171478153.45,1.1871,1,-3.8839
2024-02-01,sz.002475,25.47,26.24,25.06,25.85,25.49,54342080,1397901938.22,0.7602,1,1.4123
2024-02-02,sz.002475,25.82,26.45,24.88,25.63,25.85,61710704,1590845567.11,0.8633,1,-0.8511
2024-02-05,sz.002475,25.64,27.66,25.3,26.98,25.63,95097387,2507389707.85,1.3303,1,5.2673
2024-02-06,sz.002475,26.54,28.26,26.5,28.22,26.98,80515312,2236373339.88,1.1264,1,4.596
2024-02-07,sz.002475,28.24,28.65,27.96,28.23,28.22,63385176,1791035761.96,0.8867,1,0.0354
2024-02-08,sz.002475,28.5,29.4,28.4,28.94,28.23,61329176,1781272197.65,0.858,1,2.5151
2024-02-19,sz.002475,28.8,28.98,27.01,27.49,28.94,128291954,3545870084.23,1.7947,1,-5.0104
2024-02-20,sz.002475,27.19,27.29,26.28,26.98,27.49,111635211,2980169056.33,1.5617,1,-1.8552
2024-02-21,sz.002475,26.66,27.88,26.5,27.47,26.98,86538829,2372792197.23,1.2106,1,1.8162
2024-02-22,sz.002475,27.48,27.66,27.08,27.6,27.47,60572042,1659768549.67,0.8474,1,0.4732
2024-02-23,sz.002475,27.5,27.58,26.74,27.16,27.6,104489905,2824126846.9,1.4617,1,-1.5942
2024-02-26,sz.002475,27.07,27.86,26.71,27.43,27.16,102153957,2778574238.63,1.4291,1,0.9941
2024-02-27,sz.002475,27.15,28.11,27.05,28.11,27.43,110904231,3064076548.34,1.5515,1,2.479
2024-02-28,sz.002475,28.12,28.59,27.17,27.17,28.11,128868824,3577996983.13,1.8028,1,-3.344
2024-02-29,sz.002475,26.9,27.66,26.76,27.58,27.17,121373622,3316658334.07,1.6963,1,1.509
2024-03-01,sz.002475,27.45,28.44,27.3,28.34,27.58,137896433,3858537358.81,1.9272,1,2.7556
2024-03-04,sz.002475,28.58,28.82,27.66,28.01,28.34,116590007,3272789948.85,1.6294,1,-1.1644
2024-03-05,sz.002475,27.66,28.49,27.45,28.19,28.01,121381544,3400763490.93,1.6964,1,0.6426
2024-03-06,sz.002475,27.75,28.68,27.3,27.96,28.19,124821301,3481125657.72,1.7445,1,-0.8159
2024-03-07,sz.002475,27.74,28.02,27.18,27.18,27.96,97554058,2684561496.74,1.3634,1,-2.7897
2024-03-08,sz.002475,27.33,27.68,27.05,27.56,27.18,85690500,2347920403.78,1.1976,1,1.3981
2024-03-11,sz.002475,27.36,28.3,27.07,28.26,27.56,127592919,3558325670.78,1.7832,1,2.5399
2024-03-12,sz.002475,28.24,28.76,28.12,28.49,28.26,103177865,2932752550.73,1.442,1,0.8139
2024-03-13,sz.002475,28.49,28.64,28.19,28.25,28.49,61453704,1743565051.51,0.8589,1,-0.8424
2024-03-14,sz.002475,28.16,28.18,27.33,27.56,28.25,88645752,2453006387.24,1.2389,1,-2.4425
2024-03-15,sz.002475,27.45,27.78,27.35,27.77,27.56,57163998,1575093637.42,0.7989,1,0.762
2024-03-18,sz.002475,27.8,28.18,27.61,28.04,27.77,91010663,2539839819.57,1.2719,1,0.9723
2024-03-19,sz.002475,28.1,29.9,27.95,29.46,28.04,228672617,6701403147.74,3.1959,1,5.0642
2024-03-20,sz.002475,29.54,30.57,29.45,29.65,29.46,177707139,5320563307.96,2.4836,1,0.6449
2024-03-21,sz.002475,30.06,30.35,29.6,29.73,29.65,113120000,3383200423.62,1.5809,1,0.2698
2024-03-22,sz.002475,29.96,32.28,29.85,31.84,29.73,239235815,7459121640.25,3.3435,1,7.0972
2024-03-25,sz.002475,31.5,31.6,30.36,30.47,31.84,157434103,4852813285.49,2.2003,1,-4.3028
2024-03-26,sz.002475,30.0,31.29,29.99,30.95,30.47,117003425,3602634666.25,1.6352,1,1.5753
2024-03-27,sz.002475,30.45,30.64,29.41,29.41,30.95,93305065,2790902240.88,1.304,1,-4.9758
2024-03-28,sz.002475,29.4,30.2,29.2,29.75,29.41,72942948,2170592444.56,1.0194,1,1.1561
2024-03-29,sz.002475,29.51,29.76,28.88,29.41,29.75,68843016,2013985448.91,0.9621,1,-1.1429
2024-04-01,sz.002475,29.8,30.0,29.42,29.67,29.41,62494581,1856919377.2,0.8734,1,0.8841
2024-04-02,sz.002475,29.67,29.75,28.39,28.64,29.67,100655975,2896339355.85,1.4053,1,-3.4715
2024-04-03,sz.002475,28.65,29.22,28.45,28.76,28.64,68825783,1984368702.53,0.9609,1,0.419
2024-04-08,sz.002475,28.58,28.6,27.8,28.04,28.76,79831166,2246027915.95,1.1146,1,-2.5035
2024-04-09,sz.002475,28.1,28.56,27.97,28.45,28.04,44640675,1262310289.23,0.6233,1,1.4622
2024-04-10,sz.002475,28.37,28.38,27.45,27.69,28.45,61341963,1702273475.69,0.8564,1,-2.6714
2024-04-11,sz.002475,27.45,28.18,27.4,27.63,27.69,48540225,1349239802.59,0.6777,1,-0.2167
2024-04-12,sz.002475,27.82,28.5,27.7,27.82,27.63,62005888,1744261717.08,0.8657,1,0.6877
2024-04-15,sz.002475,27.83,28.08,27.51,27.8,27.82,57402917,1596636434.4,0.8014,1,-0.0719
2024-04-16,sz.002475,27.55,27.68,26.71,26.85,27.8,79544584,2154982859.48,1.1106,1,-3.4173
2024-04-17,sz.002475,26.97,27.36,26.85,27.28,26.85,63563527,1724587974.03,0.8875,1,1.6015
2024-04-18,sz.002475,27.08,27.36,26.53,27.05,27.28,70081220,1888643492.85,0.9785,1,-0.8431
2024-04-19,sz.002475,26.8,26.82,26.1,26.39,27.05,66995287,1770229114.9,0.9354,1,-2.4399
2024-04-22,sz.002475,26.1,27.36,25.92,27.25,26.39,73706838,1979564501.56,1.0291,1,3.2588
2024-04-23,sz.002475,27.02,27.79,27.02,27.59,27.25,60469334,1661766671.48,0.8443,1,1.2477
2024-04-24,sz.002475,27.69,28.06,27.2,27.67,27.59,78469021,2166209969.66,1.0956,1,0.29
2024-04-25,sz.002475,28.14,29.22,28.14,28.54,27.67,123113698,3532718834.9,1.7189,1,3.1442
2024-04-26,sz.002475,28.54,29.09,28.4,28.79,28.54,83063450,2386161534.87,1.1597,1,0.876
2024-04-29,sz.002475,29.21,30.16,29.05,29.83,28.79,121044632,3595607197.67,1.69,1,3.6124
2024-04-30,sz.002475,29.76,29.95,29.14,29.2,29.83,63759996,1877974568.8,0.8902,1,-2.112
2024-05-06,sz.002475,30.3,31.17,30.3,30.99,29.2,141580671,4362093786.25,1.9767,1,6.1301
2024-05-07,sz.002475,30.69,31.26,30.56,30.86,30.99,58136777,1797858074.91,0.8117,1,-0.4195
2024-05-08,sz.002475,30.5,30.5,29.58,29.6,30.86,79533024,2372896262.12,1.1104,1,-4.083
2024-05-09,sz.002475,29.61,30.2,29.61,29.82,29.6,49408990,1476124915.57,0.6898,1,0.7432
2024-05-10,sz.002475,29.85,29.96,29.17,29.5,29.82,51489926,1515276799.59,0.7189,1,-1.0731
2024-05-13,sz.002475,29.39,30.95,29.3,30.58,29.5,87320975,2657530498.23,1.2192,1,3.661
2024-05-14,sz.002475,31.95,32.2,31.01,31.08,30.58,107402519,3383702906.42,1.4995,1,1.6351
2024-05-15,sz.002475,31.0,31.29,30.6,30.66,31.08,41907108,1293998460.81,0.5851,1,-1.3514
2024-05-16,sz.002475,31.2,32.05,30.96,31.76,30.66,101764044,3222156376.54,1.4208,1,3.5877
2024-05-17,sz.002475,31.54,31.95,31.4,31.64,31.76,52585866,1665148626.08,0.7342,1,-0.3778
2024-05-20,sz.002475,31.42,32.0,31.31,31.62,31.64,47529836,1502283358.21,0.6636,1,-0.0632
2024-05-21,sz.002475,31.5,32.29,31.34,31.87,31.62,57889521,1850377741.82,0.8082,1,0.7906
2024-05-22,sz.002475,31.8,33.0,31.7,32.86,31.87,84265286,2748987218.14,1.1765,1,3.1064
2024-05-23,sz.002475,32.6,32.95,32.21,32.51,32.86,49572096,1612873100.06,0.6921,1,-1.0651
2024-05-24,sz.002475,32.36,32.85,31.4,31.51,32.51,81032670,2589338578.39,1.1314,1,-3.076
2024-05-27,sz.002475,31.81,32.43,31.48,31.89,31.51,55784571,1773904805.8,0.7788,1,1.206
2024-05-28,sz.002475,31.75,31.76,31.0,31.11,31.89,61610249,1926962938.07,0.8602,1,-2.4459
2024-05-29,sz.002475,31.27,31.49,30.79,31.18,31.11,43161349,1342584227.52,0.6026,1,0.225
2024-05-30,sz.002475,31.02,32.75,30.83,32.26,31.18,77273319,2487336940.18,1.0789,1,3.4638
2024-05-31,sz.002475,32.2,32.74,31.7,31.79,32.26,56636132,1821116747.96,0.7907,1,-1.4569
2024-06-03,sz.002475,31.64,33.1,31.61,32.51,31.79,82983440,2699177158.08,1.1586,1,2.2649
2024-06-04,sz.002475,32.4,32.85,32.15,32.73,32.51,48444111,1575657989.9,0.6762,1,0.6767
2024-06-05,sz.002475,32.58,33.49,32.5,32.88,32.73,69564774,2303493633.66,0.971,1,0.4583
2024-06-06,sz.002475,33.2,33.75,32.99,33.1,32.88,68692722,2290997652.28,0.9588,1,0.6691
2024-06-07,sz.002475,33.06,33.1,31.85,32.2,33.1,77733824,2507079747.84,1.085,1,-2.719
2024-06-11,sz.002475,31.0,31.94,30.88,31.78,32.2,67357208,2120334750.93,0.9402,1,-1.3043
2024-06-12,sz.002475,33.58,34.0,33.19,33.42,31.78,130909933,4394573914.0,1.8272,1,5.1605
2024-06-13,sz.002475,33.95,34.38,33.04,33.23,33.42,89348348,3010452013.42,1.2471,1,-0.5685
2024-06-14,sz.002475,33.2,34.69,33.16,34.35,33.23,101763049,3473393693.01,1.4204,1,3.3704
2024-06-17,sz.002475,34.55,37.7,34.43,37.0,34.35,161677724,5878248629.8,2.2567,1,7.7147
2024-06-18,sz.002475,37.77,38.28,36.82,37.99,37.0,160707602,6048554178.24,2.2431,1,2.6757
2024-06-19,sz.002475,37.87,38.5,37.4,38.07,37.99,96946397,3678586917.35,1.3532,1,0.2106
2024-06-20,sz.002475,37.9,38.37,37.15,37.26,38.07,78078057,2935429678.23,1.0898,1,-2.1277
2024-06-21,sz.002475,36.66,38.0,36.57,37.72,37.26,67055863,2513337692.46,0.9359,1,1.2346
2024-06-24,sz.002475,37.55,38.93,37.48,37.88,37.72,103828100,3971924082.97,1.4492,1,0.4242
2024-06-25,sz.002475,37.52,37.84,36.79,37.16,37.88,82936164,3083180797.22,1.1576,1,-1.9007
2024-06-26,sz.002475,37.25,38.5,37.21,38.2,37.16,79007294,2989094129.32,1.1028,1,2.7987
2024-06-27,sz.002475,38.1,40.22,38.01,38.85,38.2,124871233,4902288044.1,1.7429,1,1.7016
2024-06-28,sz.002475,38.5,39.87,38.25,39.31,38.85,93374949,3667487400.12,1.3033,1,1.184
2024-07-01,sz.002475,39.2,39.5,37.93,38.91,39.31,66548863,2575664846.6,0.9289,1,-1.0176
2024-07-02,sz.002475,39.49,39.86,38.82,39.09,38.91,69065252,2716509616.57,0.9612,1,0.4626
2024-07-03,sz.002475,39.09,39.78,38.62,38.89,39.09,52607251,2051170079.95,0.7321,1,-0.5116
2024-07-04,sz.002475,38.88,39.56,38.68,38.86,38.89,54728067,2141164149.92,0.7617,1,-0.0771
2024-07-05,sz.002475,39.0,39.06,37.89,38.73,38.86,67356616,2583811836.0,0.9371,1,-0.3345
2024-07-08,sz.002475,38.75,39.66,38.5,39.37,38.73,78229655,3064039455.5,1.0884,1,1.6525
2024-07-09,sz.002475,39.37,41.61,39.06,41.39,39.37,114299394,4665735421.42,1.5902,1,5.1308
2024-07-10,sz.002475,41.39,41.73,40.82,41.08,41.39,74875260,3085524885.51,1.0417,1,-0.749
2024-07-11,sz.002475,41.05,42.94,40.59,41.78,40.78,105249414,4391554900.46,1.4643,1,2.4522
2024-07-12,sz.002475,40.4,41.29,40.19,40.92,41.78,68089326,2772799717.95,0.9473,1,-2.0584
2024-07-15,sz.002475,41.06,41.38,40.35,40.99,40.92,47474505,1942358326.09,0.6605,1,0.1711
2024-07-16,sz.002475,41.33,43.3,41.3,43.17,40.99,91165556,3874989349.53,1.2683,1,5.3184
2024-07-17,sz.002475,43.0,43.17,41.5,42.05,43.17,70718199,2996429461.7,0.9839,1,-2.5944
2024-07-18,sz.002475,40.88,41.61,39.64,40.95,42.05,104068538,4211742715.58,1.4479,1,-2.6159
2024-07-19,sz.002475,39.72,40.96,39.69,40.15,40.95,91800284,3684921261.35,1.2772,1,-1.9536
2024-07-22,sz.002475,40.06,40.06,38.63,39.72,40.15,83778097,3306643348.33,1.1656,1,-1.071
2024-07-23,sz.002475,39.74,39.88,38.28,38.43,39.72,70356038,2726808397.11,0.9788,1,-3.2477
2024-07-24,sz.002475,38.4,38.9,37.41,37.88,38.43,70153192,2660422226.66,0.976,1,-1.4312
2024-07-25,sz.002475,37.3,37.76,36.12,37.09,37.88,76151560,2803169140.25,1.0595,1,-2.0855
2024-07-26,sz.002475,36.87,38.1,36.6,37.92,37.09,73427917,2758321201.03,1.0216,1,2.2378
2024-07-29,sz.002475,37.92,39.38,37.44,38.38,37.92,74061425,2851512370.11,1.0304,1,1.2131
2024-07-30,sz.002475,38.14,38.37,37.13,37.46,38.38,59510817,2229260996.03,0.8279,1,-2.3971
2024-07-31,sz.002475,37.4,38.5,37.22,38.23,37.46,77101523,2935218917.0,1.0727,1,2.0555
2024-08-01,sz.002475,38.99,39.1,37.8,37.83,38.23,50157070,1915660369.27,0.6978,1,-1.0463
2024-08-02,sz.002475,37.1,38.28,37.0,37.19,37.83,50303135,1882352286.83,0.6998,1,-1.6918
2024-08-05,sz.002475,35.0,36.03,34.34,34.51,37.19,131097835,4589180289.89,1.8239,1,-7.2062
2024-08-06,sz.002475,35.5,35.97,34.83,35.39,34.51,60047568,2121263050.54,0.8354,1,2.55
2024-08-07,sz.002475,35.2,35.65,34.84,35.08,35.39,33397531,1175636337.09,0.4646,1,-0.876
2024-08-08,sz.002475,34.91,35.99,34.41,35.52,35.08,50770196,1796470398.7,0.7063,1,1.2543
2024-08-09,sz.002475,35.86,36.88,35.79,36.33,35.52,52899059,1927040758.06,0.736,1,2.2804
2024-08-12,sz.002475,36.2,36.96,36.08,36.43,36.33,32336494,1180919202.87,0.4499,1,0.2753
2024-08-13,sz.002475,36.3,37.32,36.3,37.0,36.43,38124101,1404964638.99,0.5304,1,1.5646
2024-08-14,sz.002475,36.99,37.31,36.4,36.57,37.0,29233796,1076515366.19,0.4067,1,-1.1622
2024-08-15,sz.002475,36.43,37.44,36.37,36.71,36.57,44894654,1657492618.46,0.6246,1,0.3828
2024-08-16,sz.002475,36.96,37.44,36.87,37.04,36.71,38596955,1431879104.91,0.537,1,0.8989
2024-08-19,sz.002475,37.46,37.76,36.6,36.72,37.04,35662385,1319697290.27,0.4962,1,-0.8639
2024-08-20,sz.002475,36.7,37.09,36.38,36.63,36.72,28854946,1056238431.47,0.4014,1,-0.2451
2024-08-21,sz.002475,36.31,38.33,36.2,37.4,36.63,57936482,2170789721.83,0.806,1,2.1021
2024-08-22,sz.002475,37.6,38.06,36.7,37.8,37.4,51112243,1914992682.09,0.7111,1,1.0695
2024-08-23,sz.002475,37.53,37.94,37.26,37.89,37.8,34066567,1284706433.98,0.474,1,0.2381
2024-08-26,sz.002475,37.92,38.0,36.52,37.35,37.89,71316219,2655200552.17,0.9922,1,-1.4252
2024-08-27,sz.002475,37.04,37.48,36.45,36.54,37.35,43929070,1618481513.59,0.6112,1,-2.1687
2024-08-28,sz.002475,36.5,37.22,36.35,36.6,36.54,36117885,1325186415.49,0.5025,1,0.1642
2024-08-29,sz.002475,36.5,37.6,35.6,37.23,36.6,50789140,1870534741.25,0.7066,1,1.7213
2024-08-30,sz.002475,37.06,40.1,37.06,39.42,37.23,110454923,4332383270.59,1.5367,1,5.8824
2024-09-02,sz.002475,39.22,39.38,38.2,38.55,39.42,55486913,2148528239.65,0.772,1,-2.207
2024-09-03,sz.002475,38.34,39.16,38.16,38.63,38.55,37163998,1437278502.06,0.517,1,0.2075
2024-09-04,sz.002475,37.8,38.0,36.5,37.84,38.63,65136532,2430239363.96,0.9062,1,-2.045
2024-09-05,sz.002475,37.55,37.94,37.0,37.23,37.84,48329744,1806366229.18,0.6724,1,-1.6121
2024-09-06,sz.002475,37.21,37.23,35.9,35.9,37.23,54216550,1966184557.17,0.7543,1,-3.5724
2024-09-09,sz.002475,35.8,36.54,35.62,35.89,35.9,44537791,1606088449.0,0.6196,1,-0.0279
2024-09-10,sz.002475,35.68,36.88,35.1,36.51,35.89,51234751,1853396928.93,0.7128,1,1.7275
2024-09-11,sz.002475,36.38,36.68,35.81,36.14,36.51,31646457,1144664789.85,0.4403,1,-1.0134
2024-09-12,sz.002475,36.21,36.78,35.81,36.49,36.14,37511638,1362558039.38,0.5219,1,0.9685
2024-09-13,sz.002475,36.48,37.88,36.33,37.15,36.49,48331329,1802034490.53,0.6724,1,1.8087
2024-09-18,sz.002475,36.6,36.8,34.84,35.9,37.15,61762617,2202235564.44,0.8593,1,-3.3647
2024-09-19,sz.002475,35.91,36.16,35.45,35.78,35.9,44188739,1584574838.87,0.6148,1,-0.3343
2024-09-20,sz.002475,36.16,36.99,36.02,36.6,35.78,60453449,2213207425.5,0.8411,1,2.2918
2024-09-23,sz.002475,36.16,37.42,36.02,36.48,36.6,31380333,1153690715.26,0.4366,1,-0.3279
2024-09-24,sz.002475,37.0,38.79,36.29,38.77,36.48,71238103,2692513678.85,0.9911,1,6.2774
2024-09-25,sz.002475,39.33,39.69,38.28,38.46,38.77,67874566,2654197117.39,0.9443,1,-0.7996
2024-09-26,sz.002475,38.4,38.7,37.35,38.42,38.46,100399439,3816399170.77,1.3968,1,-0.104
2024-09-27,sz.002475,38.43,41.19,38.4,40.48,38.42,120514394,4810204420.19,1.6767,1,5.3618
2024-09-30,sz.002475,42.0,43.95,41.01,43.46,40.48,160489237,6841666995.79,2.2328,1,7.3617
2024-10-08,sz.002475,47.81,47.81,43.23,46.33,43.46,204655351,9363148070.82,2.8473,1,6.6038
2024-10-09,sz.002475,45.0,45.1,41.79,42.08,46.33,150181120,6533912049.87,2.0832,1,-9.1733
2024-10-10,sz.002475,42.1,44.69,42.1,43.45,42.08,117036667,5121025719.87,1.6235,1,3.2557
2024-10-11,sz.002475,43.39,43.45,41.51,42.2,43.45,71084276,3008618404.44,0.986,1,-2.8769
2024-10-14,sz.002475,41.85,44.05,41.85,43.99,42.2,82799109,3593805898.56,1.1485,1,4.2417
2024-10-15,sz.002475,43.99,45.0,43.3,43.6,43.99,72966286,3228800891.05,1.0121,1,-0.8866
2024-10-16,sz.002475,42.88,43.0,41.78,42.31,43.6,65647769,2779632344.23,0.9106,1,-2.9587
2024-10-17,sz.002475,42.32,43.09,41.95,41.96,42.31,54229309,2303664924.04,0.7522,1,-0.8272
2024-10-18,sz.002475,42.0,45.21,42.0,44.45,41.96,122207404,5381693425.86,1.6952,1,5.9342
2024-10-21,sz.002475,44.87,47.15,43.91,45.42,44.45,126019307,5778409421.87,1.7481,1,2.1822
2024-10-22,sz.002475,45.42,46.99,44.42,46.05,45.42,66556801,3045018324.86,0.9232,1,1.3871
2024-10-23,sz.002475,45.77,46.33,44.93,45.21,46.05,53475365,2437777061.84,0.7418,1,-1.8241
2024-10-24,sz.002475,44.5,44.56,43.62,43.95,45.21,73218121,3219872263.1,1.0156,1,-2.787
2024-10-25,sz.002475,43.95,44.15,42.6,43.35,43.95,78582374,3392614768.35,1.09,1,-1.3652
2024-10-28,sz.002475,43.6,43.97,42.33,43.63,43.35,60362218,2613416856.0,0.8373,1,0.6459
2024-10-29,sz.002475,43.63,44.4,43.22,43.42,43.63,65641108,2873779547.7,0.9099,1,-0.4813
2024-10-30,sz.002475,43.1,43.86,42.8,42.98,43.42,58656295,2536235915.29,0.8131,1,-1.0134
2024-10-31,sz.002475,42.98,43.19,41.91,42.22,42.98,75889926,3220955107.1,1.0519,1,-1.7683
2024-11-01,sz.002475,42.23,43.3,42.08,42.19,42.22,59438846,2533553742.6,0.8239,1,-0.0711
2024-11-04,sz.002475,42.19,43.25,42.11,42.81,42.19,49086963,2096422339.82,0.6804,1,1.4695
2024-11-05,sz.002475,42.71,43.55,42.12,43.2,42.81,85913683,3698184436.47,1.1909,1,0.911
2024-11-06,sz.002475,43.21,43.25,41.09,41.33,43.2,187046952,7817062351.69,2.5927,1,-4.3287
2024-11-07,sz.002475,40.55,40.95,40.0,40.93,41.33,145996560,5888382813.87,2.0237,1,-0.9678
2024-11-08,sz.002475,41.5,41.55,40.14,40.3,40.93,127029815,5178888518.73,1.7608,1,-1.5392
2024-11-11,sz.002475,40.02,40.82,39.51,40.7,40.3,137219615,5520264021.3,1.9021,1,0.9926
2024-11-12,sz.002475,40.75,42.69,40.1,41.54,40.7,199168114,8259616975.25,2.7607,1,2.0639
2024-11-13,sz.002475,41.0,41.68,40.5,41.59,41.54,104325052,4287516984.25,1.4461,1,0.1204
2024-11-14,sz.002475,41.58,41.58,40.0,40.1,41.59,82870623,3378252844.8,1.1487,1,-3.5826
2024-11-15,sz.002475,39.9,40.32,39.3,39.3,40.1,77059914,3071696125.07,1.0682,1,-1.995
2024-11-18,sz.002475,39.3,39.81,38.32,38.51,39.3,80179234,3125441187.36,1.1114,1,-2.0102
2024-11-19,sz.002475,38.6,38.89,37.74,38.53,38.51,86837859,3319633660.19,1.2037,1,0.0519
2024-11-20,sz.002475,38.54,38.72,38.18,38.59,38.53,80278112,3085803304.19,1.1128,1,0.1557
2024-11-21,sz.002475,38.51,39.63,38.0,39.23,38.59,97058882,3767308387.43,1.3454,1,1.6585
2024-11-22,sz.002475,39.0,39.63,37.6,37.65,39.23,90272285,3483981189.53,1.2513,1,-4.0275
2024-11-25,sz.002475,37.66,37.8,36.31,36.66,37.65,98755019,3640404673.5,1.3689,1,-2.6295
2024-11-26,sz.002475,36.81,37.88,36.66,37.16,36.66,75555362,2826202313.99,1.0473,1,1.3639
2024-11-27,sz.002475,37.03,39.5,36.9,39.13,37.16,149536528,5771038359.28,2.0728,1,5.3014
2024-11-28,sz.002475,38.86,38.94,38.14,38.2,39.13,72952300,2804772468.27,1.0112,1,-2.3767
2024-11-29,sz.002475,38.05,39.28,38.05,38.68,38.2,90114601,3495824651.19,1.2491,1,1.2565
2024-12-02,sz.002475,39.19,40.85,39.18,40.56,38.68,136620360,5524834212.76,1.8937,1,4.8604
2024-12-03,sz.002475,40.56,40.74,39.92,40.31,40.56,70054661,2828060681.35,0.9711,1,-0.6164
2024-12-04,sz.002475,40.35,40.5,39.33,39.59,40.31,57137971,2269379054.87,0.792,1,-1.7862
2024-12-05,sz.002475,39.5,39.8,38.91,39.37,39.59,52403894,2060728937.42,0.7264,1,-0.5557
2024-12-06,sz.002475,39.7,40.5,39.5,40.21,39.37,88541042,3558019205.13,1.2273,1,2.1336
2024-12-09,sz.002475,40.21,40.59,39.65,39.88,40.21,42567215,1705033837.67,0.59,1,-0.8207
2024-12-10,sz.002475,41.25,41.83,40.65,40.89,39.88,131004166,5402388324.53,1.8159,1,2.5326
2024-12-11,sz.002475,40.91,42.07,40.2,41.25,40.89,95806317,3948090976.66,1.328,1,0.8804
2024-12-12,sz.002475,41.39,42.2,40.93,41.37,41.25,70657387,2925719291.51,0.9794,1,0.2909
2024-12-13,sz.002475,41.0,41.08,40.4,40.58,41.37,66249573,2695769595.97,0.9183,1,-1.9096
2024-12-16,sz.002475,40.4,40.66,39.65,39.78,40.58,52391558,2094235044.57,0.7262,1,-1.9714
2024-12-17,sz.002475,39.78,41.35,39.69,40.3,39.78,72002397,2924980197.48,0.9981,1,1.3072
2024-12-18,sz.002475,40.53,40.69,39.96,40.06,40.3,45473497,1824141817.95,0.6303,1,-0.5955
2024-12-19,sz.002475,39.65,41.85,39.34,41.67,40.06,108465775,4462268149.78,1.5035,1,4.019
2024-12-20,sz.002475,41.72,41.95,41.18,41.28,41.67,61438712,2548121263.65,0.8516,1,-0.9359
2024-12-23,sz.002475,41.28,41.83,40.3,40.46,41.28,56971925,2328081978.29,0.7891,1,-1.9864
2024-12-24,sz.002475,40.56,41.45,40.25,41.4,40.46,59517513,2443465108.14,0.8244,1,2.3233
2024-12-25,sz.002475,41.4,41.98,40.92,41.07,41.4,46893438,1944421155.38,0.6495,1,-0.7971
2024-12-26,sz.002475,40.96,42.38,40.63,42.32,41.07,90524293,3803538746.62,1.2538,1,3.0436
2024-12-27,sz.002475,42.28,42.29,41.23,41.35,42.32,82637027,3444499183.59,1.1446,1,-2.2921
2024-12-30,sz.002475,41.35,42.1,41.15,41.65,41.35,58529459,2441348731.62,0.8107,1,0.7255
2024-12-31,sz.002475,42.1,42.1,40.45,40.76,41.65,64087258,2629811163.93,0.8877,1,-2.1369
